breakpoint_exons_common	1	2	3	p
15:9	8 (14%)	4 (30.8%)	6 (30%)	0.905374555
16:11	8 (14%)	0	0	9.545083e-4
16:9	40 (70.2%)	8 (61.5%)	12 (60%)	1.2272e-6
18:10	1 (1.8%)	1 (7.7%)	2 (10%)	0.8320098002
