breakpoint_exons_common	1	2	3	p
15:9	8 (44.4%)	4 (22.2%)	6 (33.3%)	0.905374555
16:11	8 (100%)	0	0	9.545083e-4
16:9	40 (66.7%)	8 (13.3%)	12 (20%)	1.2272e-6
18:10	1 (25%)	1 (25%)	2 (50%)	0.8320098002
