term	pvalue
Reported Gender	0.531946805319468
Reported Race	9.999000099990002e-5
Reported Ethnicity	9.999000099990002e-5
Cancer Group	1.9998000199980003e-4
Extent of Tumor Resection	0.08399160083991601
Age at Diagnosis	0.001451234000230885
Age at Chemo Start	0.2347168130364729
Age at Radiation Start	0.5839063030218928
