term	pvalue
Reported Gender	0.5465453454654534
Reported Race	9.999000099990002e-5
Reported Ethnicity	9.999000099990002e-5
Cancer Group	9.999000099990002e-5
Extent of Tumor Resection	0.08759124087591241
Cancer Predisposition	0.3261673832616738
Age at Diagnosis	0.001451234000230885
Age at Chemo Start	0.2347168130364729
Age at Radiation Start	0.5839063030218928
