term	pvalue
Reported Gender	0.5709429057094291
Reported Race	9.999000099990002e-5
Reported Ethnicity	9.999000099990002e-5
Cancer Group	9.999000099990002e-5
Extent of Tumor Resection	0.10108989101089891
Age at Diagnosis	0.02728395020720375
Age at Chemo Start	0.2347168130364729
Age at Radiation Start	0.6166960572057243
