term	pvalue
Reported Gender	0.41615838416158385
Reported Race	9.999000099990002e-5
Reported Ethnicity	9.999000099990002e-5
Cancer Group	9.999000099990002e-5
Extent of Tumor Resection	0.0932906709329067
Age at Diagnosis	0.001451234000230885
Age at Chemo Start	0.2347168130364729
Age at Radiation Start	0.5839063030218928
