term	pvalue
Reported Gender	0.4086591340865913
Reported Race	9.999000099990002e-5
Reported Ethnicity	9.999000099990002e-5
Cancer Group	9.999000099990002e-5
Extent of Tumor Resection	0.08499150084991501
Age at Diagnosis	0.001451234000230885
Age at Chemo Start	0.2347168130364729
Age at Radiation Start	0.5839063030218928
